"nome","cpf"
"May, Dazhean",620
"Garcia, Brooke",241
"Pruitt, Matui",199
"Erickson, Samantha",971
"Brown, Shawnquelle",657
"Rodriguez Valdez, Adrian",142
"Morford, Nevin",352
"Wright, Madelein",440
"Diggs, Terry",164
"Resendiz, Andres",591
"Lam, Alexandra",539
"Schneider, Zakary",922
"Grays, Tashara",509
"Romero, Kristina",194
"Vang, Darby",289
"Roberts, Ashley",195
"Dominique, Rayhan",991
"Schadegg, Taylor",926
"Xu, Cherryl May",995
"Wendler, Caleb",892
"Shelton, Aahmek",552
"Barela, Christian",151
"Hyun, Brandon",934
"Taylor, Shelby",984
"Snell, Ramon",883
"Garcia, Jesus",586
"Mah, Bich Tram",823
"Rudnicki, William",140
"Moore, Lameek",186
"Del Rivero, Michael",148
"Smith, Felicia",109
"Kocher, Alexis",163
"Siemens, Dionicio",515
"Araujo Sanchez, Daryian",257
"Lymburn, Harshwinder",577
"Mayes, Justin",224
"Johnson, Marissa",658
"Trujillo, Victor",859
"Auyeung, Minhchau",360
"Tustin, Madisson",782
"Neloms, James",170
"Gonzales, Samantha",750
"Khetade, Marny",913
"Saurber, Michael",682
"Bridges, Cairra",937
"Quinones, Victor",733
"Le, Plenty",423
"Digregorio, Ellen",578
"Mckinley, Michelle",295
"Sanchez, Dylan",111
